Team,Rider,Date,Race,Class,RaceURL
BABY YODA - OSF,PIGANZOLI Davide,2026-10-10,Il Lombardia,1.UWT,race/il-lombardia/2026
BABY YODA - OSF,BENOOT Tiesj,2026-08-19,Renewi Tour,2.UWT,race/renewi-tour/2026
BABY YODA - OSF,BENOOT Tiesj,2026-08-30,Bretagne Classic - CIC,1.UWT,race/bretagne-classic/2026
BABY YODA - OSF,BENOOT Tiesj,2026-09-11,Grand Prix Cycliste de Québec,1.UWT,race/gp-quebec/2026
BABY YODA - OSF,BENOOT Tiesj,2026-09-13,Grand Prix Cycliste de Montréal,1.UWT,race/gp-montreal/2026
BABY YODA - OSF,BENOOT Tiesj,2026-10-10,Il Lombardia,1.UWT,race/il-lombardia/2026
BABY YODA - OSF,BENOOT Tiesj,2026-10-13,Tour of Guangxi,2.UWT,race/tour-of-guangxi/2026
BABY YODA - OSF,CASTRILLO ZAPATER Pablo,2026-08-22,La Vuelta Ciclista a España,2.UWT,race/vuelta-a-espana/2026
BABY YODA - OSF,DOUBLE Paul,2026-08-22,La Vuelta Ciclista a España,2.UWT,race/vuelta-a-espana/2026
BABY YODA - OSF,GARCIA PIERNA Raul,2026-08-22,La Vuelta Ciclista a España,2.UWT,race/vuelta-a-espana/2026
BABY YODA - OSF,GAROFOLI Gianmarco,2026-08-13,Czech Tour,2.Pro,race/czech-tour/2026
BABY YODA - OSF,TORRES ARIAS Pablo,2026-08-22,La Vuelta Ciclista a España,2.UWT,race/vuelta-a-espana/2026
BABY YODA - OSF,JORGENSON Matteo,2026-10-10,Il Lombardia,1.UWT,race/il-lombardia/2026
BERGERO CORSE,POGACAR Tadej,2026-08-22,La Vuelta Ciclista a España,2.UWT,race/vuelta-a-espana/2026
BERGERO CORSE,POGACAR Tadej,2026-10-10,Il Lombardia,1.UWT,race/il-lombardia/2026
BERGERO CORSE,MILAN Jonathan,2026-08-16,ADAC Cyclassics,1.UWT,race/cyclassics-hamburg/2026
BERGERO CORSE,MILAN Jonathan,2026-08-19,Renewi Tour,2.UWT,race/renewi-tour/2026
BERGERO CORSE,MILAN Jonathan,2026-09-02,ZLM Tour,2.1,race/zlm-tour/2026
BERGERO CORSE,HERRADA LOPEZ Jesus,2026-08-22,La Vuelta Ciclista a España,2.UWT,race/vuelta-a-espana/2026
BERGERO CORSE,NAESEN Oliver,2026-08-19,Renewi Tour,2.UWT,race/renewi-tour/2026
BERGERO CORSE,NAESEN Oliver,2026-08-30,Bretagne Classic - CIC,1.UWT,race/bretagne-classic/2026
BERGERO CORSE,NAESEN Oliver,2026-09-16,Skoda Tour de Luxembourg,2.Pro,race/tour-de-luxembourg/2026
BERGERO CORSE,BENNETT George,2026-08-13,Czech Tour,2.Pro,race/czech-tour/2026
BERGERO CORSE,BENNETT George,2026-09-27,World Championships ME - Road Race,WC,race/world-championship/2026
BERGERO CORSE,CONSONNI Simone,2026-08-19,Lidl Deutschland Tour,2.Pro,race/deutschland-tour/2026
BERGERO CORSE,GIAIMI Luca,2026-08-05,Volta a Portugal em Bicicleta,2.1,race/volta-a-portugal/2026
DAINESTO PAGILLO,GALL Felix,2026-08-22,La Vuelta Ciclista a España,2.UWT,race/vuelta-a-espana/2026
DAINESTO PAGILLO,GODON Dorian,2026-09-11,Grand Prix Cycliste de Québec,1.UWT,race/gp-quebec/2026
DAINESTO PAGILLO,SEIXAS Paul,2026-09-11,Grand Prix Cycliste de Québec,1.UWT,race/gp-quebec/2026
DAINESTO PAGILLO,SEIXAS Paul,2026-09-13,Grand Prix Cycliste de Montréal,1.UWT,race/gp-montreal/2026
DAINESTO PAGILLO,SEIXAS Paul,2026-10-10,Il Lombardia,1.UWT,race/il-lombardia/2026
DAINESTO PAGILLO,BETTIOL Alberto,2026-08-22,La Vuelta Ciclista a España,2.UWT,race/vuelta-a-espana/2026
DAINESTO PAGILLO,BETTIOL Alberto,2026-09-27,World Championships ME - Road Race,WC,race/world-championship/2026
DAINESTO PAGILLO,BETTIOL Alberto,2026-10-04,Coppa Agostoni - Giro delle Brianze,1.1,race/coppa-agostoni/2026
DAINESTO PAGILLO,BETTIOL Alberto,2026-10-05,Coppa Bernocchi - GP Banco BPM,1.Pro,race/coppa-bernocchi/2026
DAINESTO PAGILLO,BETTIOL Alberto,2026-10-08,Gran Piemonte,1.Pro,race/gran-piemonte/2026
DPJ,SIVAKOV Pavel,2026-08-22,La Vuelta Ciclista a España,2.UWT,race/vuelta-a-espana/2026
DPJ,MOHORIC Matej,2026-08-16,ADAC Cyclassics,1.UWT,race/cyclassics-hamburg/2026
DPJ,MOHORIC Matej,2026-08-19,Renewi Tour,2.UWT,race/renewi-tour/2026
DPJ,MOHORIC Matej,2026-08-30,Bretagne Classic - CIC,1.UWT,race/bretagne-classic/2026
DPJ,RODRIGUEZ CANO Carlos,2026-08-22,La Vuelta Ciclista a España,2.UWT,race/vuelta-a-espana/2026
DPJ,SVRCEK Martin,2026-08-13,Czech Tour,2.Pro,race/czech-tour/2026
GIANCICLI WW,EVENEPOEL Remco,2026-09-11,Grand Prix Cycliste de Québec,1.UWT,race/gp-quebec/2026
GIANCICLI WW,EVENEPOEL Remco,2026-09-13,Grand Prix Cycliste de Montréal,1.UWT,race/gp-montreal/2026
GIANCICLI WW,EVENEPOEL Remco,2026-09-20,World Championships ME - ITT,WC,race/world-championship-itt/2026
GIANCICLI WW,EVENEPOEL Remco,2026-09-27,World Championships ME - Road Race,WC,race/world-championship/2026
GIANCICLI WW,EVENEPOEL Remco,2026-10-04,European Continental Championships ME - Road Race,CC,race/uec-road-european-championships-me/2026
GIANCICLI WW,EVENEPOEL Remco,2026-10-10,Il Lombardia,1.UWT,race/il-lombardia/2026
GIANCICLI WW,EVENEPOEL Remco,2026-10-18,Chrono des Nations,1.1,race/chrono-des-nations/2026
GIANCICLI WW,VAN AERT Wout,2026-08-22,La Vuelta Ciclista a España,2.UWT,race/vuelta-a-espana/2026
GIANCICLI WW,VAN DEN BERG Marijn,2026-08-22,La Vuelta Ciclista a España,2.UWT,race/vuelta-a-espana/2026
GIANCICLI WW,LAURANCE Axel,2026-08-22,La Vuelta Ciclista a España,2.UWT,race/vuelta-a-espana/2026
GIANCICLI WW,GAUDU David,2026-08-16,La Polynormande,1.1,race/la-poly-normande/2026
GONDAVERI,YATES Adam,2026-08-19,Lidl Deutschland Tour,2.Pro,race/deutschland-tour/2026
GONDAVERI,TULETT Ben,2026-08-22,La Vuelta Ciclista a España,2.UWT,race/vuelta-a-espana/2026
GONDAVERI,TULETT Ben,2026-10-10,Il Lombardia,1.UWT,race/il-lombardia/2026
GONDAVERI,JOHANNESSEN Tobias Halland,2026-09-27,World Championships ME - Road Race,WC,race/world-championship/2026
GONDAVERI,UIJTDEBROEKS Cian,2026-08-22,La Vuelta Ciclista a España,2.UWT,race/vuelta-a-espana/2026
GONDAVERI,BLACKMORE Joseph,2026-08-13,Czech Tour,2.Pro,race/czech-tour/2026
GONDAVERI,AGOSTINACCHIO Mattia,2026-08-30,Philadelphia Cycling Class p/b AmeriGas,1.1,race/philadelphia-international-championship/2026
GONDAVERI,FINN Lorenzo,2026-08-20,Tour de l'Avenir,2.U,race/tour-de-l-avenir/2026
GONDAVERI,FINN Lorenzo,2026-09-25,World Championships MU - Road Race,WC,race/world-championships-u23/2026
GONDAVERI,PERICAS CAPDEVILA Adria,2026-08-05,Volta a Portugal em Bicicleta,2.1,race/volta-a-portugal/2026
LEGNANO,DE LIE Arnaud,2026-08-16,ADAC Cyclassics,1.UWT,race/cyclassics-hamburg/2026
LEGNANO,MAGNIER Paul,2026-08-16,ADAC Cyclassics,1.UWT,race/cyclassics-hamburg/2026
LEGNANO,MAGNIER Paul,2026-08-19,Renewi Tour,2.UWT,race/renewi-tour/2026
LEGNANO,BRENNAN Matthew,2026-08-22,La Vuelta Ciclista a España,2.UWT,race/vuelta-a-espana/2026
LEGNANO,CHAMPOUSSIN Clément,2026-08-22,La Vuelta Ciclista a España,2.UWT,race/vuelta-a-espana/2026
LEGNANO,SÖDERQVIST Jakob,2026-09-02,ZLM Tour,2.1,race/zlm-tour/2026
LEGNANO,SÖDERQVIST Jakob,2026-09-20,World Championships ME - ITT,WC,race/world-championship-itt/2026
LEGNANO,SÖDERQVIST Jakob,2026-09-27,World Championships ME - Road Race,WC,race/world-championship/2026
LEGNANO,SÖDERQVIST Jakob,2026-10-13,Tour of Holland,2.1,race/tour-of-holland/2026
MARTINONE UNO,ASKEY Lewis,2026-08-30,Bretagne Classic - CIC,1.UWT,race/bretagne-classic/2026
MARTINONE UNO,VERMAERKE Kevin,2026-08-22,La Vuelta Ciclista a España,2.UWT,race/vuelta-a-espana/2026
MARTINONE UNO,POOLE Max,2026-08-22,La Vuelta Ciclista a España,2.UWT,race/vuelta-a-espana/2026
MARTINONE UNO,GRAAT Tijmen,2026-08-22,La Vuelta Ciclista a España,2.UWT,race/vuelta-a-espana/2026
MASTRO BIRRAIO GCP,MERLIER Tim,2026-08-19,Renewi Tour,2.UWT,race/renewi-tour/2026
MASTRO BIRRAIO GCP,ROGLIC Primoz,2026-08-22,La Vuelta Ciclista a España,2.UWT,race/vuelta-a-espana/2026
MASTRO BIRRAIO GCP,STRONG Corbin,2026-09-27,World Championships ME - Road Race,WC,race/world-championship/2026
MASTRO BIRRAIO GCP,DEL GROSSO Tibor,2026-08-19,Lidl Deutschland Tour,2.Pro,race/deutschland-tour/2026
MASTRO BIRRAIO GCP,FISHER-BLACK Finn,2026-09-27,World Championships ME - Road Race,WC,race/world-championship/2026
MASTRO BIRRAIO GCP,DE SCHUYTENEER Steffen,2026-09-18,Kampioenschap van Vlaanderen,1.1,race/kampioenschap-van-vlaanderen1/2026
MASTRO BIRRAIO GCP,DE SCHUYTENEER Steffen,2026-09-20,Gooikse pijl p/b Lotto,1.1,race/gooikse-pijl/2026
MASTRO BIRRAIO GCP,DE SCHUYTENEER Steffen,2026-10-11,Paris - Tours Elite,1.Pro,race/paris-tours/2026
MASTRO BIRRAIO GCP,PITHIE Laurence,2026-09-27,World Championships ME - Road Race,WC,race/world-championship/2026
MASTRO BIRRAIO GCP,KÄMNA Lennard,2026-08-19,Lidl Deutschland Tour,2.Pro,race/deutschland-tour/2026
MASTRO BIRRAIO GCP,KUBIS Lukas,2026-08-16,ADAC Cyclassics,1.UWT,race/cyclassics-hamburg/2026
MASTRO BIRRAIO GCP,KUBIS Lukas,2026-08-19,Renewi Tour,2.UWT,race/renewi-tour/2026
PANETTERIA BERGERO,CICCONE Giulio,2026-09-11,Grand Prix Cycliste de Québec,1.UWT,race/gp-quebec/2026
PANETTERIA BERGERO,CICCONE Giulio,2026-09-13,Grand Prix Cycliste de Montréal,1.UWT,race/gp-montreal/2026
PANETTERIA BERGERO,SKJELMOSE JENSEN Mattias,2026-08-22,La Vuelta Ciclista a España,2.UWT,race/vuelta-a-espana/2026
PANETTERIA BERGERO,FORTUNATO Lorenzo,2026-08-22,La Vuelta Ciclista a España,2.UWT,race/vuelta-a-espana/2026
PANETTERIA BERGERO,FORTUNATO Lorenzo,2026-10-03,Giro dell'Emilia,1.Pro,race/giro-dell-emilia/2026
PANETTERIA BERGERO,TIBERI Antonio,2026-09-09,Giro della Toscana - Memorial Alfredo Martini,1.1,race/giro-di-toscana/2026
PANETTERIA BERGERO,TIBERI Antonio,2026-09-10,Gran Premio città di Peccioli - Coppa Sabatini,1.Pro,race/gp-citta-di-peccioli/2026
PANETTERIA BERGERO,TIBERI Antonio,2026-09-13,Trofeo Matteotti,1.1,race/trofeo-matteotti/2026
PANETTERIA BERGERO,TIBERI Antonio,2026-10-10,Il Lombardia,1.UWT,race/il-lombardia/2026
PANETTERIA BERGERO,BALLERINI Davide,2026-08-22,La Vuelta Ciclista a España,2.UWT,race/vuelta-a-espana/2026
PANETTERIA BERGERO,DAINESE Alberto,2026-08-22,La Vuelta Ciclista a España,2.UWT,race/vuelta-a-espana/2026
PANETTERIA BERGERO,FANCELLU Alessandro,2026-08-13,Czech Tour,2.Pro,race/czech-tour/2026
PANETTERIA BERGERO,AUGUST Andrew,2026-08-13,Czech Tour,2.Pro,race/czech-tour/2026
PANETTERIA BERGERO,TUCKWELL Luke,2026-08-22,La Vuelta Ciclista a España,2.UWT,race/vuelta-a-espana/2026
OFFICINA BOCCETTINI CC,CORT NIELSEN Magnus,2026-08-22,La Vuelta Ciclista a España,2.UWT,race/vuelta-a-espana/2026
OFFICINA BOCCETTINI CC,MULUBRHAN Henok,2026-08-22,La Vuelta Ciclista a España,2.UWT,race/vuelta-a-espana/2026
OFFICINA BOCCETTINI CC,PELLIZZARI Giulio,2026-09-06,GP Industria & Artigianato,1.Pro,race/gp-industria-artigianato/2026
OFFICINA BOCCETTINI CC,PELLIZZARI Giulio,2026-09-10,Gran Premio città di Peccioli - Coppa Sabatini,1.Pro,race/gp-citta-di-peccioli/2026
OFFICINA BOCCETTINI CC,PELLIZZARI Giulio,2026-09-12,Memorial Marco Pantani,1.1,race/memorial-marco-pantani/2026
OFFICINA BOCCETTINI CC,PELLIZZARI Giulio,2026-10-03,Giro dell'Emilia,1.Pro,race/giro-dell-emilia/2026
OFFICINA BOCCETTINI CC,PELLIZZARI Giulio,2026-10-06,Tre Valli Varesine,1.Pro,race/tre-valli-varesine/2026
OFFICINA BOCCETTINI CC,PELLIZZARI Giulio,2026-10-10,Il Lombardia,1.UWT,race/il-lombardia/2026
OFFICINA BOCCETTINI CC,ZANA Filippo,2026-08-22,La Vuelta Ciclista a España,2.UWT,race/vuelta-a-espana/2026
S. PIETROBAUDO,PEDERSEN Mads,2026-08-22,La Vuelta Ciclista a España,2.UWT,race/vuelta-a-espana/2026
S. PIETROBAUDO,VINE Jay,2026-08-22,La Vuelta Ciclista a España,2.UWT,race/vuelta-a-espana/2026
S. PIETROBAUDO,JEANNIERE Emilien,2026-08-19,Lidl Deutschland Tour,2.Pro,race/deutschland-tour/2026
S. PIETROBAUDO,TURNER Ben,2026-08-13,Czech Tour,2.Pro,race/czech-tour/2026
S. PIETROBAUDO,JEGAT Jordan,2026-08-13,Czech Tour,2.Pro,race/czech-tour/2026
S. PIETROBAUDO,VAN GILS Maxim,2026-09-11,Grand Prix Cycliste de Québec,1.UWT,race/gp-quebec/2026
S. PIETROBAUDO,VAN GILS Maxim,2026-09-13,Grand Prix Cycliste de Montréal,1.UWT,race/gp-montreal/2026
S. PIETROBAUDO,BAUHAUS Phil,2026-08-19,Lidl Deutschland Tour,2.Pro,race/deutschland-tour/2026
S. PIETROBAUDO,RONDEL Mathys,2026-10-10,Il Lombardia,1.UWT,race/il-lombardia/2026
S. PIETROBAUDO,WIDAR Jarno,2026-08-22,La Vuelta Ciclista a España,2.UWT,race/vuelta-a-espana/2026
S. PIETROBAUDO,WIDAR Jarno,2026-10-10,Il Lombardia,1.UWT,race/il-lombardia/2026
SANROMARIANO,CHRISTEN Jan,2026-08-30,Bretagne Classic - CIC,1.UWT,race/bretagne-classic/2026
SANROMARIANO,CHRISTEN Jan,2026-10-10,Il Lombardia,1.UWT,race/il-lombardia/2026
SANROMARIANO,LAPEIRA Paul,2026-08-16,La Polynormande,1.1,race/la-poly-normande/2026
SANROMARIANO,LAPEIRA Paul,2026-08-30,Bretagne Classic - CIC,1.UWT,race/bretagne-classic/2026
SANROMARIANO,LAPEIRA Paul,2026-09-11,Grand Prix Cycliste de Québec,1.UWT,race/gp-quebec/2026
SANROMARIANO,LAPEIRA Paul,2026-09-13,Grand Prix Cycliste de Montréal,1.UWT,race/gp-montreal/2026
SANROMARIANO,HAYTER Ethan,2026-08-22,La Vuelta Ciclista a España,2.UWT,race/vuelta-a-espana/2026
SANROMARIANO,NORDHAGEN Jørgen,2026-08-22,La Vuelta Ciclista a España,2.UWT,race/vuelta-a-espana/2026
SANROMARIANO,SPARFEL Aubin,2026-08-20,Tour de l'Avenir,2.U,race/tour-de-l-avenir/2026
TOPINA M.B.,RICCITELLO Matthew,2026-08-22,La Vuelta Ciclista a España,2.UWT,race/vuelta-a-espana/2026
TOPINA M.B.,NYS Thibau,2026-08-22,La Vuelta Ciclista a España,2.UWT,race/vuelta-a-espana/2026
TOPINA M.B.,BISSEGGER Stefan,2026-08-25,TPC en Nouvelle-Aquitaine,2.1,race/tour-du-poitou-charentes-et-de-la-vienne/2026
TOPINA M.B.,BISIAUX Léo,2026-08-22,La Vuelta Ciclista a España,2.UWT,race/vuelta-a-espana/2026
TOPINA M.B.,BARRE Louis,2026-09-11,Grand Prix Cycliste de Québec,1.UWT,race/gp-quebec/2026
TOPINA M.B.,BARRE Louis,2026-09-13,Grand Prix Cycliste de Montréal,1.UWT,race/gp-montreal/2026
TOPINA M.B.,BARRE Louis,2026-10-10,Il Lombardia,1.UWT,race/il-lombardia/2026
TOPINA M.B.,MOURIS Michiel,2026-09-21,World Championships MU - ITT,WC,race/world-championships-itt-u23/2026
TOPINA M.B.,MOURIS Michiel,2026-09-25,World Championships MU - Road Race,WC,race/world-championships-u23/2026
TOPINA M.B.,MOURIS Michiel,2026-10-07,European Continental Championships MU - ITT,CC,race/european-continental-championships-u23-itt/2026
TOPINA M.B.,BEHRENS Niklas,2026-08-16,ADAC Cyclassics,1.UWT,race/cyclassics-hamburg/2026
