Team,Rider
BABY YODA - OSF,LUND ANDRESEN Tobias
BABY YODA - OSF,CASTRILLO ZAPATER Pablo
BABY YODA - OSF,BARONCINI Filippo
BABY YODA - OSF,ARRIETA LIZARRAGA Igor
BABY YODA - OSF,GARCIA PIERNA Raul
BABY YODA - OSF,TORRES ARIAS Pablo
BABY YODA - OSF,VAN BAARLE Dylan
BERGERO CORSE,POGACAR Tadej
BERGERO CORSE,ONLEY Oscar
BERGERO CORSE,MILAN Jonathan
BERGERO CORSE,HERRADA LOPEZ Jesus
BERGERO CORSE,RYAN Archie
BERGERO CORSE,FOSS Tobias Svendsen
BERGERO CORSE,VAN MOER Brent
BERGERO CORSE,MAROLT Jaka
BERGERO CORSE,BENNETT George
BERGERO CORSE,CONSONNI Simone
DAINESTO PAGILLO,VAN DER POEL Mathieu
DAINESTO PAGILLO,GALL Felix
DAINESTO PAGILLO,GODON Dorian
DAINESTO PAGILLO,COSTA Rui Alberto Faria
DAINESTO PAGILLO,WILLIAMS Stephen
DPJ,ALAPHILIPPE Julian
DPJ,WITHEN PHILIPSEN Albert
DPJ,MADOUAS Valentin
DPJ,KRISTOFF Alexander
DPJ,RODRIGUEZ CANO Carlos
DPJ,BARGUIL Warren
DPJ,VAN UDEN Casper
DPJ,LEONARD Michael
DPJ,WOODS Michael
DPJ,HAGENES Per Strand
GIANCICLI WW,VAN AERT Wout
GIANCICLI WW,TRENTIN Matteo
GIANCICLI WW,LAURANCE Axel
GIANCICLI WW,PARET PEINTRE Valentin
GIANCICLI WW,GAUDU David
GIANCICLI WW,SENECHAL Florian
GIANCICLI WW,KRIJNSEN Jelte
GIANCICLI WW,VENDRAME Andrea
GONDAVERI,GANNA Filippo
GONDAVERI,YATES Adam
GONDAVERI,JOHANNESSEN Tobias Halland
GONDAVERI,UIJTDEBROEKS Cian
GONDAVERI,MARTIN GUYONNET Guillaume
GONDAVERI,FINN Lorenzo
GONDAVERI,ZINGLE Axel
GONDAVERI,POLITT Nils
GONDAVERI,VALJAVEC Erazem
GONDAVERI,PERICAS CAPDEVILA Adria
GONDAVERI,ROWE Elliot
GONDAVERI,MATTIO Pietro
LEGNANO,DE LIE Arnaud
LEGNANO,MARTINEZ Lenny
LEGNANO,ARENSMAN Thymen
LEGNANO,KÜNG Stefan
LEGNANO,LEKNESSUND Andreas
LEGNANO,RUBIO REYES Einer Augusto
LEGNANO,CRABBE Tom
MARTINONE UNO,HINDLEY Jai
MARTINONE UNO,TARLING Joshua
MARTINONE UNO,WELSFORD Sam
MARTINONE UNO,ETXEBERRIA ANSALAS Haimar
MARTINONE UNO,VERMAERKE Kevin
MARTINONE UNO,FREDHEIM Stian
MARTINONE UNO,PAGE Hugo
MASTRO BIRRAIO GCP,STRONG Corbin
MASTRO BIRRAIO GCP,DEL GROSSO Tibor
MASTRO BIRRAIO GCP,FISHER-BLACK Finn
MASTRO BIRRAIO GCP,VAN DEN BROEK Frank
MASTRO BIRRAIO GCP,PITHIE Laurence
PANETTERIA BERGERO,CICCONE Giulio
PANETTERIA BERGERO,SKJELMOSE JENSEN Mattias
PANETTERIA BERGERO,LIPOWITZ Florian
PANETTERIA BERGERO,BERNAL GOMEZ Egan Arley
PANETTERIA BERGERO,BALLERINI Davide
PANETTERIA BERGERO,DAINESE Alberto
PANETTERIA BERGERO,AFFINI Edoardo
PANETTERIA BERGERO,TUCKWELL Luke
OFFICINA BOCCETTINI CC,CORT NIELSEN Magnus
OFFICINA BOCCETTINI CC,COSTIOU Ewen
OFFICINA BOCCETTINI CC,LAFAY Victor
OFFICINA BOCCETTINI CC,LAMPERTI Luke
OFFICINA BOCCETTINI CC,MULUBRHAN Henok
OFFICINA BOCCETTINI CC,STEINHAUSER Georg
OFFICINA BOCCETTINI CC,THOMAS Benjamin
OFFICINA BOCCETTINI CC,VINGEGAARD HANSEN Jonas
OFFICINA BOCCETTINI CC,WATSON Samuel
S. PIETROBAUDO,VINE Jay
S. PIETROBAUDO,TURNER Ben
S. PIETROBAUDO,CARAPAZ MONTENEGRO Richard Antonio
S. PIETROBAUDO,JEGAT Jordan
S. PIETROBAUDO,STUYVEN Jasper
S. PIETROBAUDO,STAUNE-MITTET Johannes
S. PIETROBAUDO,FAURE PROST Alexy
SANROMARIANO,NORDHAGEN Jørgen
SANROMARIANO,ALVAREZ MARTINEZ Hector
SANROMARIANO,SPARFEL Aubin
TOPINA M.B.,RICCITELLO Matthew
TOPINA M.B.,O'CONNOR Ben
TOPINA M.B.,NYS Thibau
TOPINA M.B.,KUSS Sepp
TOPINA M.B.,SEGAERT Alec
TOPINA M.B.,BARRY Ashlin
TOPINA M.B.,ROLLAND Brieuc
TOPINA M.B.,RAFFERTY Darren
